<?xml version="1.0" encoding="UTF-8"?>
<metadata xml:lang="el"><Esri><CreaDate>20160602</CreaDate><CreaTime>20392000</CreaTime><ArcGISFormat>1.0</ArcGISFormat><SyncOnce>FALSE</SyncOnce><DataProperties><itemProps><itemName Sync="TRUE">FINALCORRECT4</itemName><imsContentType Sync="TRUE">002</imsContentType><itemSize Sync="TRUE">0,000</itemSize><itemLocation><linkage Sync="TRUE">file://\\WS-01\C\Users\User33\Desktop\ΣΩΣΤΟ\FINALCORRECT4.shp</linkage><protocol Sync="TRUE">Local Area Network</protocol></itemLocation></itemProps><coordRef><type Sync="TRUE">Projected</type><geogcsn Sync="TRUE">GCS_GGRS_1987</geogcsn><projcsn Sync="TRUE">Greek_Grid</projcsn><peXml Sync="TRUE">&lt;ProjectedCoordinateSystem xsi:type='typens:ProjectedCoordinateSystem' xmlns:xsi='http://www.w3.org/2001/XMLSchema-instance' xmlns:xs='http://www.w3.org/2001/XMLSchema' xmlns:typens='http://www.esri.com/schemas/ArcGIS/10.0'&gt;&lt;WKT&gt;PROJCS[&amp;quot;Greek_Grid&amp;quot;,GEOGCS[&amp;quot;GCS_GGRS_1987&amp;quot;,DATUM[&amp;quot;D_GGRS_1987&amp;quot;,SPHEROID[&amp;quot;GRS_1980&amp;quot;,6378137.0,298.257222101]],PRIMEM[&amp;quot;Greenwich&amp;quot;,0.0],UNIT[&amp;quot;Degree&amp;quot;,0.0174532925199433]],PROJECTION[&amp;quot;Transverse_Mercator&amp;quot;],PARAMETER[&amp;quot;False_Easting&amp;quot;,500000.0],PARAMETER[&amp;quot;False_Northing&amp;quot;,0.0],PARAMETER[&amp;quot;Central_Meridian&amp;quot;,24.0],PARAMETER[&amp;quot;Scale_Factor&amp;quot;,0.9996],PARAMETER[&amp;quot;Latitude_Of_Origin&amp;quot;,0.0],UNIT[&amp;quot;Meter&amp;quot;,1.0],AUTHORITY[&amp;quot;EPSG&amp;quot;,2100]]&lt;/WKT&gt;&lt;XOrigin&gt;-5120900&lt;/XOrigin&gt;&lt;YOrigin&gt;-9998100&lt;/YOrigin&gt;&lt;XYScale&gt;450445547.3910538&lt;/XYScale&gt;&lt;ZOrigin&gt;-100000&lt;/ZOrigin&gt;&lt;ZScale&gt;10000&lt;/ZScale&gt;&lt;MOrigin&gt;-100000&lt;/MOrigin&gt;&lt;MScale&gt;10000&lt;/MScale&gt;&lt;XYTolerance&gt;0.001&lt;/XYTolerance&gt;&lt;ZTolerance&gt;0.001&lt;/ZTolerance&gt;&lt;MTolerance&gt;0.001&lt;/MTolerance&gt;&lt;HighPrecision&gt;true&lt;/HighPrecision&gt;&lt;WKID&gt;2100&lt;/WKID&gt;&lt;/ProjectedCoordinateSystem&gt;</peXml></coordRef><lineage><Process ToolSource="C:\Program Files (x86)\ArcGIS\Desktop10.0\ArcToolbox\Toolboxes\Data Management Tools.tbx\Merge" Date="20160330" Time="115755">Merge A;AXIOS1;AXIOS2;B;KARLA;KORWNIA1;KORWNIA2;KORWNIA3;KORWNIA4;PARNASSOS;PARNWNAS;PRESPES;SAMARIA;Γ;Ε;Ζ;Η;Ι;Κ;Κ1;Κ2;ΣΤ;ΣΥΝ_1;ΣΥΝ_3;ΣΥΝ_4;ΣΥΝ_5;ΣΥΝ_6;ΣΥΝ_7;ΣΥΝ_8 "C:\Users\User33\Desktop\SHP ΤΕΛΙΚΗΣ ΠΡΟΤΑΣΗΣ1\ΣΥΓΚΕΝΤΡΩΤΙΚΟ SHAPE\ALL.shp" "Id "Id" true true false 6 Long 0 6 ,First,#,A,Id,-1,-1,AXIOS2,Id,-1,-1,KORWNIA1,id,-1,-1,PARNASSOS,Id,-1,-1,Η,id,-1,-1,Ι,Id,-1,-1,Κ1,Id,-1,-1,Κ2,Id,-1,-1,ΣΥΝ_1,Id,-1,-1,ΣΥΝ_3,id,-1,-1,ΣΥΝ_4,Id,-1,-1,ΣΥΝ_5,Id,-1,-1,ΣΥΝ_6,Id,-1,-1,ΣΥΝ_7,Id,-1,-1,ΣΥΝ_8,Id,-1,-1;AREA "AREA" true true false 12 Double 3 11 ,First,#,A,AREA,-1,-1,AXIOS2,area,-1,-1,KORWNIA1,area,-1,-1,KORWNIA2,area,-1,-1,KORWNIA3,area,-1,-1,KORWNIA4,area,-1,-1,PARNASSOS,area,-1,-1,PARNWNAS,AREA,-1,-1,PRESPES,AREA,-1,-1,SAMARIA,AREA,-1,-1,Η,AREA,-1,-1,Κ,area,-1,-1,Κ1,AREA,-1,-1,Κ2,AREA,-1,-1,ΣΤ,AREA,-1,-1,ΣΥΝ_3,AREA,-1,-1;PERIMETER "PERIMETER" true true false 12 Double 3 11 ,First,#,A,PERIMETER,-1,-1,PARNWNAS,PERIMETER,-1,-1,PRESPES,PERIMETER,-1,-1,SAMARIA,PERIMETER,-1,-1,Η,PERIMETER,-1,-1,ΣΤ,PERIMETER,-1,-1,ΣΥΝ_3,PERIMETER,-1,-1;DESCR "DESCR" true true false 30 Text 0 0 ,First,#,A,DESCR,-1,-1;area_1 "area_1" true true false 19 Double 0 0 ,First,#,A,area_1,-1,-1,PRESPES,AREA_1,-1,-1,ΣΤ,AREA_1,-1,-1;CODE_SYNTO "CODE_SYNTO" true true false 50 Text 0 0 ,First,#,A,CODE_SYNTO,-1,-1,AXIOS1,CODE_SYNTO,-1,-1,AXIOS2,CODE_SYNTO,-1,-1,B,CODE_SYNTO,-1,-1,KARLA,CODE_SYNTO,-1,-1,KORWNIA1,CODE_SYNTO,-1,-1,KORWNIA2,CODE_SYNTO,-1,-1,KORWNIA3,CODE_SYNTO,-1,-1,KORWNIA4,CODE_SYNTO,-1,-1,PARNASSOS,CODE_SYNTO,-1,-1,PARNWNAS,CODE_SYNTO,-1,-1,PRESPES,CODE_SYNTO,-1,-1,SAMARIA,CODE_SYNTO,-1,-1,Γ,CODE_SYNTO,-1,-1,Ζ,CODE_SYNTO,-1,-1,Η,CODE_SYNTO,-1,-1,Ι,CODE_SYNTO,-1,-1,Κ,CODE_SYNTO,-1,-1,Κ1,code_synto,-1,-1,Κ2,code_synto,-1,-1,ΣΤ,CODE_SYNTO,-1,-1,ΣΥΝ_1,CODE_SYNTO,-1,-1,ΣΥΝ_3,CODE_SYNTO,-1,-1,ΣΥΝ_4,CODE_SYNTO,-1,-1,ΣΥΝ_5,CODE_SYNTO,-1,-1,ΣΥΝ_6,CODE_SYNTO,-1,-1,ΣΥΝ_7,CODE_SYNTO,-1,-1,ΣΥΝ_8,CODE_SYNTO,-1,-1;Name "Name" true true false 254 Text 0 0 ,First,#,AXIOS1,Name,-1,-1,KORWNIA2,Name,-1,-1,KORWNIA3,Name,-1,-1,KORWNIA4,Name,-1,-1,SAMARIA,Name,-1,-1,Γ,NAME,-1,-1,Ε,Name,-1,-1,Ζ,Name,-1,-1;Descriptio "Descriptio" true true false 254 Text 0 0 ,First,#,AXIOS1,Descriptio,-1,-1,SAMARIA,Descriptio,-1,-1;OBJECTID "OBJECTID" true true false 9 Long 0 9 ,First,#,B,OBJECTID,-1,-1,KARLA,OBJECTID,-1,-1,PRESPES,OBJECTID,-1,-1,Ε,OBJECTID,-1,-1,Κ,OBJECTID,-1,-1,Κ1,OBJECTID,-1,-1,Κ2,OBJECTID,-1,-1;SHAPE_Leng "SHAPE_Leng" true true false 19 Double 0 0 ,First,#,B,SHAPE_Leng,-1,-1,KARLA,Shape_Leng,-1,-1,PRESPES,Shape_Leng,-1,-1,Γ,SHAPE_Leng,-1,-1,Ε,Shape_Leng,-1,-1,Κ,Shape_Leng,-1,-1,Κ1,Shape_Leng,-1,-1,Κ2,Shape_Leng,-1,-1;SHAPE_Area "SHAPE_Area" true true false 19 Double 0 0 ,First,#,B,SHAPE_Area,-1,-1,KARLA,Shape_Area,-1,-1,PRESPES,Shape_Area,-1,-1,Γ,SHAPE_Area,-1,-1,Ε,Shape_Area,-1,-1,Ζ,SHAPE_Area,-1,-1,Ι,Shape_Area,-1,-1,Κ,Shape_Area,-1,-1,Κ1,Shape_Area,-1,-1,Κ2,Shape_Area,-1,-1;SITECODE "SITECODE" true true false 12 Text 0 0 ,First,#,B,SITECODE,-1,-1,PRESPES,SITECODE,-1,-1,Ι,SITECODE,-1,-1;EISHGHSH "EISHGHSH" true true false 50 Text 0 0 ,First,#,B,EISHGHSH,-1,-1,Γ,EISHGHSH,-1,-1,Ε,EISHGHSH,-1,-1,Ζ,EISHGHSH,-1,-1,Η,EISHGHSH,-1,-1,Ι,EISHGHSH,-1,-1,ΣΤ,EISHGHSH,-1,-1,ΣΥΝ_3,EISHGHSH,-1,-1;SPASCICODE "SPASCICODE" true true false 50 Text 0 0 ,First,#,KARLA,SPASCICODE,-1,-1;ΝΑΜΕ "ΝΑΜΕ" true true false 250 Text 0 0 ,First,#,KARLA,ΝΑΜΕ,-1,-1;Xc "Xc" true true false 19 Double 0 0 ,First,#,KARLA,Xc,-1,-1;Yc "Yc" true true false 19 Double 0 0 ,First,#,KARLA,Yc,-1,-1;Category "Category" true true false 10 Text 0 0 ,First,#,KARLA,Category,-1,-1;area_km2 "area_km2" true true false 10 Double 2 9 ,First,#,KORWNIA1,area_km2,-1,-1,KORWNIA2,area_km2,-1,-1,KORWNIA3,area_km2,-1,-1,KORWNIA4,area_km2,-1,-1;Area_name "Area_name" true true false 254 Text 0 0 ,First,#,PARNWNAS,Area_name,-1,-1;OBJECTID_1 "OBJECTID_1" true true false 9 Long 0 9 ,First,#,PRESPES,OBJECTID_1,-1,-1,Κ,OBJECTID_1,-1,-1;FID_PPA_NE "FID_PPA_NE" true true false 9 Long 0 9 ,First,#,PRESPES,FID_PPA_NE,-1,-1;FID_PPA__1 "FID_PPA__1" true true false 9 Long 0 9 ,First,#,PRESPES,FID_PPA__1,-1,-1;HECTARES "HECTARES" true true false 19 Double 0 0 ,First,#,PRESPES,HECTARES,-1,-1,ΣΤ,HECTARES,-1,-1;SITETYPE "SITETYPE" true true false 6 Text 0 0 ,First,#,PRESPES,SITETYPE,-1,-1;FID_sci_sp "FID_sci_sp" true true false 9 Long 0 9 ,First,#,PRESPES,FID_sci_sp,-1,-1;OBJECTID_2 "OBJECTID_2" true true false 9 Long 0 9 ,First,#,PRESPES,OBJECTID_2,-1,-1;CODE "CODE" true true false 50 Text 0 0 ,First,#,PRESPES,CODE,-1,-1,Γ,CODE,-1,-1,Ε,CODE,-1,-1;PERIMETER_ "PERIMETER_" true true false 19 Double 0 0 ,First,#,PRESPES,PERIMETER_,-1,-1;HECTARES_1 "HECTARES_1" true true false 19 Double 0 0 ,First,#,PRESPES,HECTARES_1,-1,-1;SITETYPE_1 "SITETYPE_1" true true false 6 Text 0 0 ,First,#,PRESPES,SITETYPE_1,-1,-1;FID_PPA__2 "FID_PPA__2" true true false 9 Long 0 9 ,First,#,PRESPES,FID_PPA__2,-1,-1;OBJECTID_3 "OBJECTID_3" true true false 9 Long 0 9 ,First,#,PRESPES,OBJECTID_3,-1,-1;SITECODE_1 "SITECODE_1" true true false 9 Text 0 0 ,First,#,PRESPES,SITECODE_1,-1,-1;AREA_12 "AREA_12" true true false 19 Double 0 0 ,First,#,PRESPES,AREA_12,-1,-1;PERIMETER1 "PERIMETER1" true true false 19 Double 0 0 ,First,#,PRESPES,PERIMETER1,-1,-1;HECTARES_2 "HECTARES_2" true true false 19 Double 0 0 ,First,#,PRESPES,HECTARES_2,-1,-1;SITETYPE_2 "SITETYPE_2" true true false 6 Text 0 0 ,First,#,PRESPES,SITETYPE_2,-1,-1;Shape_Le_1 "Shape_Le_1" true true false 19 Double 0 0 ,First,#,PRESPES,Shape_Le_1,-1,-1,Ε,Shape_Le_1,-1,-1,Κ,Shape_Le_1,-1,-1;Shape_Le_2 "Shape_Le_2" true true false 19 Double 0 0 ,First,#,PRESPES,Shape_Le_2,-1,-1;TYPE "TYPE" true true false 6 Text 0 0 ,First,#,Γ,TYPE,-1,-1;OID_ "OID_" true true false 9 Long 0 9 ,First,#,Ε,OID_,-1,-1;FolderPath "FolderPath" true true false 254 Text 0 0 ,First,#,Ε,FolderPath,-1,-1;SymbolID "SymbolID" true true false 9 Long 0 9 ,First,#,Ε,SymbolID,-1,-1;AltMode "AltMode" true true false 4 Short 0 4 ,First,#,Ε,AltMode,-1,-1;Base "Base" true true false 19 Double 0 0 ,First,#,Ε,Base,-1,-1;Clamped "Clamped" true true false 4 Short 0 4 ,First,#,Ε,Clamped,-1,-1;Extruded "Extruded" true true false 4 Short 0 4 ,First,#,Ε,Extruded,-1,-1;Snippet "Snippet" true true false 254 Text 0 0 ,First,#,Ε,Snippet,-1,-1;PopupInfo "PopupInfo" true true false 254 Text 0 0 ,First,#,Ε,PopupInfo,-1,-1;name_olo "name_olo" true true false 50 Text 0 0 ,First,#,Ζ,name_olo,-1,-1;POINT_X "POINT_X" true true false 19 Double 0 0 ,First,#,Ι,POINT_X,-1,-1;POINT_Y "POINT_Y" true true false 19 Double 0 0 ,First,#,Ι,POINT_Y,-1,-1;SITE_NAME "SITE_NAME" true true false 100 Text 0 0 ,First,#,Ι,SITE_NAME,-1,-1;FID_minus1 "FID_minus1" true true false 9 Long 0 9 ,First,#,Κ,FID_minus1,-1,-1;SitFinalCo "SitFinalCo" true true false 5 Text 0 0 ,First,#,Κ,SitFinalCo,-1,-1;Area_ha "Area_ha" true true false 19 Double 0 0 ,First,#,Κ,Area_ha,-1,-1;X_EGSA "X_EGSA" true true false 19 Double 0 0 ,First,#,Κ,X_EGSA,-1,-1;Y_EGSA "Y_EGSA" true true false 19 Double 0 0 ,First,#,Κ,Y_EGSA,-1,-1;Longitude "Longitude" true true false 80 Text 0 0 ,First,#,Κ,Longitude,-1,-1;Latitude "Latitude" true true false 80 Text 0 0 ,First,#,Κ,Latitude,-1,-1;SitInterna "SitInterna" true true false 150 Text 0 0 ,First,#,Κ,SitInterna,-1,-1;SitNationa "SitNationa" true true false 150 Text 0 0 ,First,#,Κ,SitNationa,-1,-1;SitNameGr "SitNameGr" true true false 150 Text 0 0 ,First,#,Κ,SitNameGr,-1,-1;FID_union "FID_union" true true false 9 Long 0 9 ,First,#,Κ,FID_union,-1,-1;FID_extern "FID_extern" true true false 9 Long 0 9 ,First,#,Κ,FID_extern,-1,-1;FID_intern "FID_intern" true true false 9 Long 0 9 ,First,#,Κ,FID_intern,-1,-1;text "text" true true false 50 Text 0 0 ,First,#,Κ1,text,-1,-1,Κ2,text,-1,-1;ORIG_FID "ORIG_FID" true true false 9 Long 0 9 ,First,#,Κ1,ORIG_FID,-1,-1,Κ2,ORIG_FID,-1,-1;SITE "SITE" true true false 100 Text 0 0 ,First,#,ΣΤ,SITE,-1,-1;SCI "SCI" true true false 50 Text 0 0 ,First,#,ΣΤ,SCI,-1,-1;PREFECTURE "PREFECTURE" true true false 254 Text 0 0 ,First,#,ΣΤ,PREFECTURE,-1,-1;REGION "REGION" true true false 254 Text 0 0 ,First,#,ΣΤ,REGION,-1,-1;LATDD "LATDD" true true false 19 Double 15 18 ,First,#,ΣΤ,LATDD,-1,-1;LONDD "LONDD" true true false 19 Double 15 18 ,First,#,ΣΤ,LONDD,-1,-1;LOC_ACCUR "LOC_ACCUR" true true false 254 Text 0 0 ,First,#,ΣΤ,LOC_ACCUR,-1,-1;NOTES "NOTES" true true false 30 Text 0 0 ,First,#,ΣΤ,NOTES,-1,-1"</Process><Process ToolSource="C:\Program Files (x86)\ArcGIS\Desktop10.0\ArcToolbox\Toolboxes\Data Management Tools.tbx\Merge" Date="20160330" Time="142801">Merge ALLFILTERED;ΣΤ C:\Users\User33\Desktop\ΣΩΣΤΟ\FINALFINAL.shp "CODE_SYNTO "CODE_SYNTO" true true false 50 Text 0 0 ,First,#,ALLFILTERED,CODE_SYNTO,-1,-1,ΣΤ,CODE_SYNTO,-1,-1;CODE "CODE" true true false 50 Text 0 0 ,First,#,ALLFILTERED,CODE,-1,-1;SITE "SITE" true true false 100 Text 0 0 ,First,#,ΣΤ,SITE,-1,-1;AREA "AREA" true true false 16 Double 3 15 ,First,#,ΣΤ,AREA,-1,-1;HECTARES "HECTARES" true true false 16 Double 3 15 ,First,#,ΣΤ,HECTARES,-1,-1;SCI "SCI" true true false 50 Text 0 0 ,First,#,ΣΤ,SCI,-1,-1;AREA_1 "AREA_1" true true false 254 Text 0 0 ,First,#,ΣΤ,AREA_1,-1,-1;PREFECTURE "PREFECTURE" true true false 254 Text 0 0 ,First,#,ΣΤ,PREFECTURE,-1,-1;REGION "REGION" true true false 254 Text 0 0 ,First,#,ΣΤ,REGION,-1,-1;LATDD "LATDD" true true false 19 Double 15 18 ,First,#,ΣΤ,LATDD,-1,-1;LONDD "LONDD" true true false 19 Double 15 18 ,First,#,ΣΤ,LONDD,-1,-1;LOC_ACCUR "LOC_ACCUR" true true false 254 Text 0 0 ,First,#,ΣΤ,LOC_ACCUR,-1,-1;NOTES "NOTES" true true false 30 Text 0 0 ,First,#,ΣΤ,NOTES,-1,-1;PERIMETER "PERIMETER" true true false 19 Double 6 18 ,First,#,ΣΤ,PERIMETER,-1,-1;EISHGHSH "EISHGHSH" true true false 50 Text 0 0 ,First,#,ΣΤ,EISHGHSH,-1,-1"</Process><Process ToolSource="C:\Program Files (x86)\ArcGIS\Desktop10.0\ArcToolbox\Toolboxes\Data Management Tools.tbx\Dissolve" Date="20160330" Time="153249">Dissolve FINALCORRECT2 C:\Users\User33\Desktop\ΣΩΣΤΟ\FINALCORRECT4.shp CODE_SYNTO # MULTI_PART DISSOLVE_LINES</Process></lineage></DataProperties><SyncDate>20160330</SyncDate><SyncTime>15324500</SyncTime><ModDate>20160330</ModDate><ModTime>15324500</ModTime></Esri><dataIdInfo><envirDesc Sync="TRUE">Microsoft Windows Server 2008 R2 Version 6.1 (Build 7601) Service Pack 1; ESRI ArcGIS 10.0.0.2414</envirDesc><dataLang><languageCode value="ell" country="GRC"></languageCode></dataLang><idCitation><resTitle Sync="TRUE">FINALCORRECT4</resTitle><presForm><PresFormCd value="005"></PresFormCd></presForm></idCitation><descKeys><thesaName uuidref="723f6998-058e-11dc-8314-0800200c9a66"></thesaName><keyword Sync="TRUE">002</keyword></descKeys><spatRpType><SpatRepTypCd value="001"></SpatRepTypCd></spatRpType></dataIdInfo><mdLang><languageCode value="ell"></languageCode></mdLang><mdChar><CharSetCd value="004"></CharSetCd></mdChar><distInfo><distFormat><formatName Sync="TRUE">Shapefile</formatName></distFormat><distTranOps><transSize Sync="TRUE">0,000</transSize></distTranOps></distInfo><mdHrLv><ScopeCd value="005"></ScopeCd></mdHrLv><mdHrLvName Sync="TRUE">dataset</mdHrLvName><refSysInfo><RefSystem><refSysID><identCode code="2100"></identCode><idCodeSpace Sync="TRUE">EPSG</idCodeSpace><idVersion Sync="TRUE">7.4.1</idVersion></refSysID></RefSystem></refSysInfo><spdoinfo><ptvctinf><esriterm Name="FINALCORRECT4"><efeatyp Sync="TRUE">Simple</efeatyp><efeageom Sync="TRUE">4</efeageom><esritopo Sync="TRUE">FALSE</esritopo><efeacnt Sync="TRUE">0</efeacnt><spindex Sync="TRUE">FALSE</spindex><linrefer Sync="TRUE">TRUE</linrefer></esriterm></ptvctinf></spdoinfo><spatRepInfo><VectSpatRep><topLvl><TopoLevCd value="001"></TopoLevCd></topLvl><geometObjs><geoObjTyp><GeoObjTypCd value="002"></GeoObjTypCd><geoObjCnt Sync="TRUE">0</geoObjCnt></geoObjTyp></geometObjs></VectSpatRep></spatRepInfo><eainfo><detailed Name="FINALCORRECT4"><enttyp><enttypl Sync="TRUE">FINALCORRECT4</enttypl><enttypt Sync="TRUE">Feature Class</enttypt><enttypc Sync="TRUE">0</enttypc></enttyp><attr><attrlabl Sync="TRUE">FID</attrlabl><attalias Sync="TRUE">FID</attalias><attrtype Sync="TRUE">OID</attrtype><attwidth Sync="TRUE">4</attwidth><atprecis Sync="TRUE">0</atprecis><attscale Sync="TRUE">0</attscale><attrdef Sync="TRUE">Internal feature number.</attrdef><attrdefs Sync="TRUE">ESRI</attrdefs><attrdomv><udom Sync="TRUE">Sequential unique whole numbers that are automatically generated.</udom></attrdomv></attr><attr><attrlabl Sync="TRUE">Shape</attrlabl><attalias Sync="TRUE">Shape</attalias><attrtype Sync="TRUE">Geometry</attrtype><attwidth Sync="TRUE">0</attwidth><atprecis Sync="TRUE">0</atprecis><attscale Sync="TRUE">0</attscale><attrdef Sync="TRUE">Feature geometry.</attrdef><attrdefs Sync="TRUE">ESRI</attrdefs><attrdomv><udom Sync="TRUE">Coordinates defining the features.</udom></attrdomv></attr><attr><attrlabl Sync="TRUE">CODE_SYNTO</attrlabl><attalias Sync="TRUE">CODE_SYNTO</attalias><attrtype Sync="TRUE">String</attrtype><attwidth Sync="TRUE">50</attwidth><atprecis Sync="TRUE">0</atprecis><attscale Sync="TRUE">0</attscale></attr></detailed></eainfo><mdDateSt Sync="TRUE">20160330</mdDateSt></metadata>
